name	id
S01_Questions_DIGITAL	1Jg1dL7YN_wye3BhQGyuu1hKiQQeLxXhHv90sC1Tqabc
S01_Questions_PRINT	1gt8gfFVxKgtB6ReBsythLk_qOxc5OgtUHFGe5PGu69Y
S01_Exercises_DIGITAL	1bXfp96ryUMejWvtNbsa20Et2w4iiiTjgxL1-UDPVEbw
S01_Exercises_PRINT	1beV0DMlwfYlcZ6kGKFfwME5VOj_WAWZHIQ2VAQLIF3A
S02_Questions_DIGITAL	1cCrlE5h78DZgbtiDzphTbN6QYV44yXYM_HbRMkZXiTU
S02_Questions_PRINT	1S3ayNdcSMXm0QBST3wVdwWXM2njTVZ6-pQ-IGCXtw68
S02_Exercises_DIGITAL	1sOYGCkxop_MSVOz6UgQ7BgBO4LAwCUCn6m_EqOBPKfI
S02_Exercises_PRINT	1huB7UJCCJv0-g_YDxBrSEwgKj-9orgENXvrtZXHSOPk
S03_Questions_DIGITAL	1A7hwBrLHVzHfV__fQ06yvmR4xi0qzJ3BUMCwnr7FmEQ
S03_Questions_PRINT	1B3AXHc74eKSkybCWG9E4edpL2vBDj0e8avg1r5Px1f4
S03_Exercises_DIGITAL	1gCaPCjZja-Js5NSdsBC9sJJ4UQv-cABWrcVsEkq_J_Q
S03_Exercises_PRINT	1-Fq9WmRA5JrvEPW_hu3zl6Hc-zg-n_SlwyPpVOqQqWY
S04_Questions_DIGITAL	1VDRsQNuERTqJOEoPOoNK1H8aIpmGRZ9EmplkBnq6NEs
S04_Questions_PRINT	1-kAKTEKUFYoS_EHZ6l0Ivx_dl5Q0OzwqRFEL_DxUxFU
S04_Exercises_DIGITAL	1O7yvg3WDC2CvLnBkvcrpD8Mq5MI-et3ottlFH5Fy7HY
S04_Exercises_PRINT	1mUH0i2qMPLWIMl5cv0o5ruuvAkKL0_rNKTp7AId8Y7g
S05_Questions_DIGITAL	1_eJfKz5_3CbQ8NiP_27JWHXLTkb01h-Vftd_OWU1yNk
S05_Questions_PRINT	19_6OGSg-jZzefeZNVcJuXI7XwSL1ZbR3mU2TNqsqWac
S05_Exercises_DIGITAL	18WHRFkyh0WcoNkAVohHK9c32yESS75NvHwuwAHIoI9g
S05_Exercises_PRINT	14rjtK4xCZzZcFU5exmYu-ffHQpt1EWtWh-WN-19VlIo
S06_Questions_DIGITAL	1U9cWc50l3V-ZwkRJ8WJikEExQpc1ME1AmKRZa-YoYAg
S06_Questions_PRINT	1U-k7Id7v3A8KzXD4VawODSkcIt5HRPcowVNqe7CdxEM
S06_Exercises_DIGITAL	10IGk5PX52vK-Yedc_lys1nEPT7YhKiLzF6ZcGPNopoY
S06_Exercises_PRINT	13qUyMA53bayTOBkE-XQ1LlUi2O1FkaVEyHjwdiJcSXA
S07_Questions_DIGITAL	1_ilWBFSWat72-35Gpx0TNnCUqffvBbKL8Kv7mHJMAxU
S07_Questions_PRINT	125R_FwcNt8jUatpYPMC4nwAyRaNg87rLEnAzASv4YHE
S07_Exercises_DIGITAL	1mp3T4xwyAK9MKFPyaXY2XG5zkg9JOqNJFIHMCYvMKZw
S07_Exercises_PRINT	1sP2x3MO4LdOGaWFrQnxkVDCsVsmr8YSfu4T6Dp7JFMA
S08_Questions_DIGITAL	1wlf5XlFSSRrl-uP6g3mcjYNi5KdBtsw5qFuBXOiCvYU
S08_Questions_PRINT	1-LuasYzU21G1NLpW09zVw2JSLJWi8-1IIfazehZP3rA
S08_Exercises_DIGITAL	1Nmyo7GjcS4vqgxi3MMQ9aTChVXsvmtGvOIRHf7uT0aE
S08_Exercises_PRINT	12H-ewqSp9eNF4UE3uEwSZgZpOAAXSZDwuyGLH5oe5l0
S09_Questions_DIGITAL	1faA3ZdGjgbDRtdQ-7I4WlEPtU_7HCQHbETJweIq8Ieg
S09_Questions_PRINT	1vuTfMmfra99hCD5s6UOvGwjnpb_Juy_SWqkprrI9pGU
S09_Exercises_DIGITAL	1G-62pHMQPS8uDomkbH9phUlcQS41FmFbgrqjayGZXCg
S09_Exercises_PRINT	1HgDEJ1wscaM_74LLOJ9d4BjD858ERMfvYpKVYGtVNvk
S10_Questions_DIGITAL	1KrtvR5ao3qkKir_8AcElSr7K0-CpcJUlQRukWvLKbRw
S10_Questions_PRINT	1Or1Q9mzi5mN5ij0F-KFJigR0D53I__L5PoreXLR-j_Y
S10_Exercises_DIGITAL	1Pz8bcWbCc6LHJhDmgxVHY0n_cOQfTISbB2-QLkMsYvY
S10_Exercises_PRINT	1x8nBMAeKA9Zw2lUseZK5BOD1Y4Qe9Eba26ENjmxoqa8
S11_Questions_DIGITAL	1h5SEMutMm0tDOuNii8_e27tIxGDKKM4MaxuysQPAFiU
S11_Questions_PRINT	1fk_-7r254Vsi89-mAgRhwUZxh07fJ6C0tO_zk6w72QA
S11_Exercises_DIGITAL	1fKNvi6vTCjDRotbpK46DgJTxH5wMNgn_W35BwGtDEFU
S11_Exercises_PRINT	1t2sFENiiQH1iqALEHtwQVsTi4Ht3pZY_rbWCfUKhFmQ
S12_Questions_DIGITAL	1muR6Gld0R4Tn5dx_qhHbnEAaO_GoKYtw5_pNtIpvd90
S12_Questions_PRINT	1eItHLf9omnZVSljLmi5611XNSjmv8LpfCbUQMV-kbmY
S12_Exercises_DIGITAL	1M-F60h6K8YNd3tHjFJW-1CSJId4koBN0U9eWueNYb98
S12_Exercises_PRINT	1-kEUxkgx3hSrgXUc1IBRzpYC_27ZnPX6DmYzGtghZpw
