Section,Section title,Worksheet type,Chapters covered,Number of questions,Total marks,DIGITAL link (Make a copy for each student),PRINT link,PRINT PDF export link,Posted to Classroom (tick),Printed (tick),Notes
1,Components of a computer,In-chapter Questions,Ch 1–6,13,,https://docs.google.com/document/d/1Jg1dL7YN_wye3BhQGyuu1hKiQQeLxXhHv90sC1Tqabc/edit,https://docs.google.com/document/d/1gt8gfFVxKgtB6ReBsythLk_qOxc5OgtUHFGe5PGu69Y/edit,https://docs.google.com/document/d/1gt8gfFVxKgtB6ReBsythLk_qOxc5OgtUHFGe5PGu69Y/export?format=pdf,,,
1,Components of a computer,End of Chapter Exercises,Ch 1–6,13,95,https://docs.google.com/document/d/1bXfp96ryUMejWvtNbsa20Et2w4iiiTjgxL1-UDPVEbw/edit,https://docs.google.com/document/d/1beV0DMlwfYlcZ6kGKFfwME5VOj_WAWZHIQ2VAQLIF3A/edit,https://docs.google.com/document/d/1beV0DMlwfYlcZ6kGKFfwME5VOj_WAWZHIQ2VAQLIF3A/export?format=pdf,,,
2,Systems software,In-chapter Questions,Ch 7–10,9,,https://docs.google.com/document/d/1cCrlE5h78DZgbtiDzphTbN6QYV44yXYM_HbRMkZXiTU/edit,https://docs.google.com/document/d/1S3ayNdcSMXm0QBST3wVdwWXM2njTVZ6-pQ-IGCXtw68/edit,https://docs.google.com/document/d/1S3ayNdcSMXm0QBST3wVdwWXM2njTVZ6-pQ-IGCXtw68/export?format=pdf,,,
2,Systems software,End of Chapter Exercises,Ch 7–10,13,99,https://docs.google.com/document/d/1sOYGCkxop_MSVOz6UgQ7BgBO4LAwCUCn6m_EqOBPKfI/edit,https://docs.google.com/document/d/1huB7UJCCJv0-g_YDxBrSEwgKj-9orgENXvrtZXHSOPk/edit,https://docs.google.com/document/d/1huB7UJCCJv0-g_YDxBrSEwgKj-9orgENXvrtZXHSOPk/export?format=pdf,,,
3,Software development,In-chapter Questions,Ch 11–14,8,,https://docs.google.com/document/d/1A7hwBrLHVzHfV__fQ06yvmR4xi0qzJ3BUMCwnr7FmEQ/edit,https://docs.google.com/document/d/1B3AXHc74eKSkybCWG9E4edpL2vBDj0e8avg1r5Px1f4/edit,https://docs.google.com/document/d/1B3AXHc74eKSkybCWG9E4edpL2vBDj0e8avg1r5Px1f4/export?format=pdf,,,"No in-chapter questions in Ch 11, 13"
3,Software development,End of Chapter Exercises,Ch 11–14,12,97,https://docs.google.com/document/d/1gCaPCjZja-Js5NSdsBC9sJJ4UQv-cABWrcVsEkq_J_Q/edit,https://docs.google.com/document/d/1-Fq9WmRA5JrvEPW_hu3zl6Hc-zg-n_SlwyPpVOqQqWY/edit,https://docs.google.com/document/d/1-Fq9WmRA5JrvEPW_hu3zl6Hc-zg-n_SlwyPpVOqQqWY/export?format=pdf,,,
4,Exchanging data,In-chapter Questions,Ch 15–20,23,,https://docs.google.com/document/d/1VDRsQNuERTqJOEoPOoNK1H8aIpmGRZ9EmplkBnq6NEs/edit,https://docs.google.com/document/d/1-kAKTEKUFYoS_EHZ6l0Ivx_dl5Q0OzwqRFEL_DxUxFU/edit,https://docs.google.com/document/d/1-kAKTEKUFYoS_EHZ6l0Ivx_dl5Q0OzwqRFEL_DxUxFU/export?format=pdf,,,
4,Exchanging data,End of Chapter Exercises,Ch 15–20,14,139,https://docs.google.com/document/d/1O7yvg3WDC2CvLnBkvcrpD8Mq5MI-et3ottlFH5Fy7HY/edit,https://docs.google.com/document/d/1mUH0i2qMPLWIMl5cv0o5ruuvAkKL0_rNKTp7AId8Y7g/edit,https://docs.google.com/document/d/1mUH0i2qMPLWIMl5cv0o5ruuvAkKL0_rNKTp7AId8Y7g/export?format=pdf,,,
5,Networks and web technologies,In-chapter Questions,Ch 21–27,27,,https://docs.google.com/document/d/1_eJfKz5_3CbQ8NiP_27JWHXLTkb01h-Vftd_OWU1yNk/edit,https://docs.google.com/document/d/19_6OGSg-jZzefeZNVcJuXI7XwSL1ZbR3mU2TNqsqWac/edit,https://docs.google.com/document/d/19_6OGSg-jZzefeZNVcJuXI7XwSL1ZbR3mU2TNqsqWac/export?format=pdf,,,
5,Networks and web technologies,End of Chapter Exercises,Ch 21–27,17,106,https://docs.google.com/document/d/18WHRFkyh0WcoNkAVohHK9c32yESS75NvHwuwAHIoI9g/edit,https://docs.google.com/document/d/14rjtK4xCZzZcFU5exmYu-ffHQpt1EWtWh-WN-19VlIo/edit,https://docs.google.com/document/d/14rjtK4xCZzZcFU5exmYu-ffHQpt1EWtWh-WN-19VlIo/export?format=pdf,,,
6,Data types,In-chapter Questions,Ch 28–32,34,,https://docs.google.com/document/d/1U9cWc50l3V-ZwkRJ8WJikEExQpc1ME1AmKRZa-YoYAg/edit,https://docs.google.com/document/d/1U-k7Id7v3A8KzXD4VawODSkcIt5HRPcowVNqe7CdxEM/edit,https://docs.google.com/document/d/1U-k7Id7v3A8KzXD4VawODSkcIt5HRPcowVNqe7CdxEM/export?format=pdf,,,
6,Data types,End of Chapter Exercises,Ch 28–32,21,51,https://docs.google.com/document/d/10IGk5PX52vK-Yedc_lys1nEPT7YhKiLzF6ZcGPNopoY/edit,https://docs.google.com/document/d/13qUyMA53bayTOBkE-XQ1LlUi2O1FkaVEyHjwdiJcSXA/edit,https://docs.google.com/document/d/13qUyMA53bayTOBkE-XQ1LlUi2O1FkaVEyHjwdiJcSXA/export?format=pdf,,,
7,Data structures,In-chapter Questions,Ch 33–39,31,,https://docs.google.com/document/d/1_ilWBFSWat72-35Gpx0TNnCUqffvBbKL8Kv7mHJMAxU/edit,https://docs.google.com/document/d/125R_FwcNt8jUatpYPMC4nwAyRaNg87rLEnAzASv4YHE/edit,https://docs.google.com/document/d/125R_FwcNt8jUatpYPMC4nwAyRaNg87rLEnAzASv4YHE/export?format=pdf,,,
7,Data structures,End of Chapter Exercises,Ch 33–39,15,116,https://docs.google.com/document/d/1mp3T4xwyAK9MKFPyaXY2XG5zkg9JOqNJFIHMCYvMKZw/edit,https://docs.google.com/document/d/1sP2x3MO4LdOGaWFrQnxkVDCsVsmr8YSfu4T6Dp7JFMA/edit,https://docs.google.com/document/d/1sP2x3MO4LdOGaWFrQnxkVDCsVsmr8YSfu4T6Dp7JFMA/export?format=pdf,,,
8,Boolean algebra,In-chapter Questions,Ch 40–43,14,,https://docs.google.com/document/d/1wlf5XlFSSRrl-uP6g3mcjYNi5KdBtsw5qFuBXOiCvYU/edit,https://docs.google.com/document/d/1-LuasYzU21G1NLpW09zVw2JSLJWi8-1IIfazehZP3rA/edit,https://docs.google.com/document/d/1-LuasYzU21G1NLpW09zVw2JSLJWi8-1IIfazehZP3rA/export?format=pdf,,,
8,Boolean algebra,End of Chapter Exercises,Ch 40–43,12,72,https://docs.google.com/document/d/1Nmyo7GjcS4vqgxi3MMQ9aTChVXsvmtGvOIRHf7uT0aE/edit,https://docs.google.com/document/d/12H-ewqSp9eNF4UE3uEwSZgZpOAAXSZDwuyGLH5oe5l0/edit,https://docs.google.com/document/d/12H-ewqSp9eNF4UE3uEwSZgZpOAAXSZDwuyGLH5oe5l0/export?format=pdf,,,
9,"Legal, moral, ethical and cultural issues",In-chapter Questions,Ch 44–46,6,,https://docs.google.com/document/d/1faA3ZdGjgbDRtdQ-7I4WlEPtU_7HCQHbETJweIq8Ieg/edit,https://docs.google.com/document/d/1vuTfMmfra99hCD5s6UOvGwjnpb_Juy_SWqkprrI9pGU/edit,https://docs.google.com/document/d/1vuTfMmfra99hCD5s6UOvGwjnpb_Juy_SWqkprrI9pGU/export?format=pdf,,,No in-chapter questions in Ch 45
9,"Legal, moral, ethical and cultural issues",End of Chapter Exercises,Ch 44–46,10,45,https://docs.google.com/document/d/1G-62pHMQPS8uDomkbH9phUlcQS41FmFbgrqjayGZXCg/edit,https://docs.google.com/document/d/1HgDEJ1wscaM_74LLOJ9d4BjD858ERMfvYpKVYGtVNvk/edit,https://docs.google.com/document/d/1HgDEJ1wscaM_74LLOJ9d4BjD858ERMfvYpKVYGtVNvk/export?format=pdf,,,
10,Computational thinking,In-chapter Questions,Ch 47–52,16,,https://docs.google.com/document/d/1KrtvR5ao3qkKir_8AcElSr7K0-CpcJUlQRukWvLKbRw/edit,https://docs.google.com/document/d/1Or1Q9mzi5mN5ij0F-KFJigR0D53I__L5PoreXLR-j_Y/edit,https://docs.google.com/document/d/1Or1Q9mzi5mN5ij0F-KFJigR0D53I__L5PoreXLR-j_Y/export?format=pdf,,,
10,Computational thinking,End of Chapter Exercises,Ch 47–52,15,81,https://docs.google.com/document/d/1Pz8bcWbCc6LHJhDmgxVHY0n_cOQfTISbB2-QLkMsYvY/edit,https://docs.google.com/document/d/1x8nBMAeKA9Zw2lUseZK5BOD1Y4Qe9Eba26ENjmxoqa8/edit,https://docs.google.com/document/d/1x8nBMAeKA9Zw2lUseZK5BOD1Y4Qe9Eba26ENjmxoqa8/export?format=pdf,,,
11,Programming techniques,In-chapter Questions,Ch 53–58,33,,https://docs.google.com/document/d/1h5SEMutMm0tDOuNii8_e27tIxGDKKM4MaxuysQPAFiU/edit,https://docs.google.com/document/d/1fk_-7r254Vsi89-mAgRhwUZxh07fJ6C0tO_zk6w72QA/edit,https://docs.google.com/document/d/1fk_-7r254Vsi89-mAgRhwUZxh07fJ6C0tO_zk6w72QA/export?format=pdf,,,
11,Programming techniques,End of Chapter Exercises,Ch 53–58,16,140,https://docs.google.com/document/d/1fKNvi6vTCjDRotbpK46DgJTxH5wMNgn_W35BwGtDEFU/edit,https://docs.google.com/document/d/1t2sFENiiQH1iqALEHtwQVsTi4Ht3pZY_rbWCfUKhFmQ/edit,https://docs.google.com/document/d/1t2sFENiiQH1iqALEHtwQVsTi4Ht3pZY_rbWCfUKhFmQ/export?format=pdf,,,
12,Algorithms,In-chapter Questions,Ch 59–64,22,,https://docs.google.com/document/d/1muR6Gld0R4Tn5dx_qhHbnEAaO_GoKYtw5_pNtIpvd90/edit,https://docs.google.com/document/d/1eItHLf9omnZVSljLmi5611XNSjmv8LpfCbUQMV-kbmY/edit,https://docs.google.com/document/d/1eItHLf9omnZVSljLmi5611XNSjmv8LpfCbUQMV-kbmY/export?format=pdf,,,
12,Algorithms,End of Chapter Exercises,Ch 59–64,11,85,https://docs.google.com/document/d/1M-F60h6K8YNd3tHjFJW-1CSJId4koBN0U9eWueNYb98/edit,https://docs.google.com/document/d/1-kEUxkgx3hSrgXUc1IBRzpYC_27ZnPX6DmYzGtghZpw/edit,https://docs.google.com/document/d/1-kEUxkgx3hSrgXUc1IBRzpYC_27ZnPX6DmYzGtghZpw/export?format=pdf,,,
