U1_Questions_DIGITAL	1dUPtXph7EenYMKGaxT_GSsS4yZg5s1NxeAx-k4Iizq8
U1_Questions_PRINT	1TXGJZEp_SIhI9CadL4aqmPfzmcFghiKX-4UDl9SnprE
U1_Exercises_DIGITAL	1tWN_aSPo6XuCkcdhJHHMmSjx3_ifQeAFrka-YpjX1Ow
U1_Exercises_PRINT	1ERk7jtgMowMOBFlpWTd3tpUMv6Myfd2g8H8AS-qGxO8
U2_Questions_DIGITAL	1RUJJU5DmEATFFYm_bIoLW9JKlSGZcivNNAtySDlPweU
U2_Questions_PRINT	1rbW7F29Lw8IIoxPeznqXXp-Vc-7ocDzU-EysrahBe7Y
U2_Exercises_DIGITAL	1niUWYdoumodVaVWKJn1bmaosz7OH-KFX9qfaBt7H0Zc
U2_Exercises_PRINT	1NB5NnvXLuqRRD00VF4H7lHvGhVs0h1LvTbM9o-FIsDI
U3_Questions_DIGITAL	1YLoiYBKo2W-3sWtVDpfRyOx3Tvr9sB8xfjvsEWZc7bk
U3_Questions_PRINT	1SIxQiayXv7bxEAiqW9CrzdWG90Fxr3fpPHO1-U8BG80
U3_Exercises_DIGITAL	1575hG_feVHZcpLCyIjSNn9qz8IWzQ_sHGA3EsuZbsVo
U3_Exercises_PRINT	1Cf2pd1h-tknR0J3lfXdrTN2gU704OysMw9HTm3gjoXM
U4_Questions_DIGITAL	1mHC9v2OKvohw_Xma3JDGKhTeHI4QeVyr6yQbiDZY_aQ
U4_Questions_PRINT	1DqTJvDj895HClqYBR1m4pdkkQf36whOdjufub5ZSQic
U4_Exercises_DIGITAL	1pbD0o0Ys0hIlTPtLXR0y86fnK-iH6ST6R-0C1k0m680
U4_Exercises_PRINT	1UFHSKxlxO_NGrriSDCXkwq3g-ksVf3MUiAha8cNkarY
U5_Questions_DIGITAL	1vbcX3g-kWbZRn1lnm33FbigQX-siPDeWi4DNQODBNeA
U5_Questions_PRINT	14_9YsmS1IMI3BJZljJgVIAihry4uUDqv-KWRaJKRxRw
U5_Exercises_DIGITAL	1uItrTfHRTXceAmXkYsXYzKxv6Mti-iQ6I8V5y7piRZM
U5_Exercises_PRINT	1XlUWp2FkMJN-hwCe0z0gbbFa8kTXgWYKsYung-SNzqo
U6_Questions_DIGITAL	1uV2vN-XSdNn3BPtw35twfG8IYYIxt-SBaDzS4hTz2OA
U6_Questions_PRINT	1RevYVR8gnO_o4oyErnP9c0Ln62BRXGwHbBztvEvVcuw
U6_Exercises_DIGITAL	10bEbeRaVwpqaX_UJbsGvrTRbVtss1u59PsYjRIM9WrM
U6_Exercises_PRINT	1uGmfEwz1rhP5bXJsyrrlcens6p4ZQ4vlfPKrfKaDd7Q
U7_Questions_DIGITAL	1YrSPZEmInjAR3hUBMGaZV-KGPQA8g6-CN9MlKHZjlrc
U7_Questions_PRINT	1ROaDK3_LaQW3jok4fkX36NDQVKkVTtyQldyvnUnspdQ
U7_Exercises_DIGITAL	1pcWMM4ejOW3-yXxzQQEaYihXHr1uYOHRBmCp4rfuQ8s
U7_Exercises_PRINT	1QfbsbNnSdV8t03UNTGsRAxC1pzGJ9DhBIKxpbjgKlHs
U8_Questions_DIGITAL	1Azq8VKObHwcF-UaIq53uTub9hVAP0iZ9j-pLWOmorC8
U8_Questions_PRINT	1Wdb198l-mTq119qE1tVjBfNj79GqJ3CkEJjeVca_baY
U8_Exercises_DIGITAL	1e0ltfsxVFdno4ne18KNyNLTaWHbIFwQ97cEJvnKS1eo
U8_Exercises_PRINT	1mz89maPoLTG0zwDIGU5fkVKnLW2x1ZRJi3jz5xYWLYg
