Unit,Unit title,Paper,Worksheet,Topics covered,No. of questions,"DIGITAL doc (Google Classroom: ""Make a copy for each student"")",PRINT doc,PRINT – PDF download,Set on Classroom? (tick),Printed? (tick),Notes
1,"Systems architecture, memory and storage",Paper 1 – Computer systems,In-chapter questions (yellow boxes),"1.1 Architecture of the CPU, 1.2 CPU performance, 1.3 Memory, 1.4 Secondary storage",7,https://docs.google.com/document/d/1dUPtXph7EenYMKGaxT_GSsS4yZg5s1NxeAx-k4Iizq8/edit,https://docs.google.com/document/d/1TXGJZEp_SIhI9CadL4aqmPfzmcFghiKX-4UDl9SnprE/edit,https://docs.google.com/document/d/1TXGJZEp_SIhI9CadL4aqmPfzmcFghiKX-4UDl9SnprE/export?format=pdf,,,
1,"Systems architecture, memory and storage",Paper 1 – Computer systems,End of unit exercises,"1.1 Architecture of the CPU, 1.2 CPU performance, 1.3 Memory, 1.4 Secondary storage",6,https://docs.google.com/document/d/1tWN_aSPo6XuCkcdhJHHMmSjx3_ifQeAFrka-YpjX1Ow/edit,https://docs.google.com/document/d/1ERk7jtgMowMOBFlpWTd3tpUMv6Myfd2g8H8AS-qGxO8/edit,https://docs.google.com/document/d/1ERk7jtgMowMOBFlpWTd3tpUMv6Myfd2g8H8AS-qGxO8/export?format=pdf,,,
2,Data representation,Paper 1 – Computer systems,In-chapter questions (yellow boxes),"2.1 Units of data storage and binary numbers, 2.2 Binary arithmetic and hexadecimal, 2.3 Characters, 2.4 Images, 2.5 Sound, 2.6 Compression",16,https://docs.google.com/document/d/1RUJJU5DmEATFFYm_bIoLW9JKlSGZcivNNAtySDlPweU/edit,https://docs.google.com/document/d/1rbW7F29Lw8IIoxPeznqXXp-Vc-7ocDzU-EysrahBe7Y/edit,https://docs.google.com/document/d/1rbW7F29Lw8IIoxPeznqXXp-Vc-7ocDzU-EysrahBe7Y/export?format=pdf,,,Topic 2.6 has no yellow-box questions
2,Data representation,Paper 1 – Computer systems,End of unit exercises,"2.1 Units of data storage and binary numbers, 2.2 Binary arithmetic and hexadecimal, 2.3 Characters, 2.4 Images, 2.5 Sound, 2.6 Compression",8,https://docs.google.com/document/d/1niUWYdoumodVaVWKJn1bmaosz7OH-KFX9qfaBt7H0Zc/edit,https://docs.google.com/document/d/1NB5NnvXLuqRRD00VF4H7lHvGhVs0h1LvTbM9o-FIsDI/edit,https://docs.google.com/document/d/1NB5NnvXLuqRRD00VF4H7lHvGhVs0h1LvTbM9o-FIsDI/export?format=pdf,,,
3,"Computer networks, connections and protocols",Paper 1 – Computer systems,In-chapter questions (yellow boxes),"3.1 The Internet and wide area networks, 3.2 Local area networks, 3.3 Wireless networking, 3.4 Client-server and peer-to-peer networks, 3.5 Standards, protocols and layers",3,https://docs.google.com/document/d/1YLoiYBKo2W-3sWtVDpfRyOx3Tvr9sB8xfjvsEWZc7bk/edit,https://docs.google.com/document/d/1SIxQiayXv7bxEAiqW9CrzdWG90Fxr3fpPHO1-U8BG80/edit,https://docs.google.com/document/d/1SIxQiayXv7bxEAiqW9CrzdWG90Fxr3fpPHO1-U8BG80/export?format=pdf,,,Topics 3.2 and 3.4 have no yellow-box questions
3,"Computer networks, connections and protocols",Paper 1 – Computer systems,End of unit exercises,"3.1 The Internet and wide area networks, 3.2 Local area networks, 3.3 Wireless networking, 3.4 Client-server and peer-to-peer networks, 3.5 Standards, protocols and layers",7,https://docs.google.com/document/d/1575hG_feVHZcpLCyIjSNn9qz8IWzQ_sHGA3EsuZbsVo/edit,https://docs.google.com/document/d/1Cf2pd1h-tknR0J3lfXdrTN2gU704OysMw9HTm3gjoXM/edit,https://docs.google.com/document/d/1Cf2pd1h-tknR0J3lfXdrTN2gU704OysMw9HTm3gjoXM/export?format=pdf,,,
4,Network security and systems software,Paper 1 – Computer systems,In-chapter questions (yellow boxes),"4.1 Network threats, 4.2 Identifying and preventing vulnerabilities, 4.3 Operating systems, 4.4 Utility software",9,https://docs.google.com/document/d/1mHC9v2OKvohw_Xma3JDGKhTeHI4QeVyr6yQbiDZY_aQ/edit,https://docs.google.com/document/d/1DqTJvDj895HClqYBR1m4pdkkQf36whOdjufub5ZSQic/edit,https://docs.google.com/document/d/1DqTJvDj895HClqYBR1m4pdkkQf36whOdjufub5ZSQic/export?format=pdf,,,Topic 4.4 has no yellow-box questions
4,Network security and systems software,Paper 1 – Computer systems,End of unit exercises,"4.1 Network threats, 4.2 Identifying and preventing vulnerabilities, 4.3 Operating systems, 4.4 Utility software",5,https://docs.google.com/document/d/1pbD0o0Ys0hIlTPtLXR0y86fnK-iH6ST6R-0C1k0m680/edit,https://docs.google.com/document/d/1UFHSKxlxO_NGrriSDCXkwq3g-ksVf3MUiAha8cNkarY/edit,https://docs.google.com/document/d/1UFHSKxlxO_NGrriSDCXkwq3g-ksVf3MUiAha8cNkarY/export?format=pdf,,,
5,"Ethical, legal, cultural and environmental impacts of digital technology",Paper 1 – Computer systems,In-chapter questions (yellow boxes),"5.1 Computer systems in the modern world, 5.2 Ethical, cultural and environmental issues, 5.3 Legislation and privacy",14,https://docs.google.com/document/d/1vbcX3g-kWbZRn1lnm33FbigQX-siPDeWi4DNQODBNeA/edit,https://docs.google.com/document/d/14_9YsmS1IMI3BJZljJgVIAihry4uUDqv-KWRaJKRxRw/edit,https://docs.google.com/document/d/14_9YsmS1IMI3BJZljJgVIAihry4uUDqv-KWRaJKRxRw/export?format=pdf,,,
5,"Ethical, legal, cultural and environmental impacts of digital technology",Paper 1 – Computer systems,End of unit exercises,"5.1 Computer systems in the modern world, 5.2 Ethical, cultural and environmental issues, 5.3 Legislation and privacy",5,https://docs.google.com/document/d/1uItrTfHRTXceAmXkYsXYzKxv6Mti-iQ6I8V5y7piRZM/edit,https://docs.google.com/document/d/1XlUWp2FkMJN-hwCe0z0gbbFa8kTXgWYKsYung-SNzqo/edit,https://docs.google.com/document/d/1XlUWp2FkMJN-hwCe0z0gbbFa8kTXgWYKsYung-SNzqo/export?format=pdf,,,
6,Algorithms,"Paper 2 – Computational thinking, algorithms and programming",In-chapter questions (yellow boxes),"6.1 Computational thinking, 6.2 Searching algorithms, 6.3 Sorting algorithms, 6.4 Developing algorithms using flowcharts, 6.5 Developing algorithms using pseudocode, 6.6 Interpret, correct or complete algorithms",25,https://docs.google.com/document/d/1uV2vN-XSdNn3BPtw35twfG8IYYIxt-SBaDzS4hTz2OA/edit,https://docs.google.com/document/d/1RevYVR8gnO_o4oyErnP9c0Ln62BRXGwHbBztvEvVcuw/edit,https://docs.google.com/document/d/1RevYVR8gnO_o4oyErnP9c0Ln62BRXGwHbBztvEvVcuw/export?format=pdf,,,
6,Algorithms,"Paper 2 – Computational thinking, algorithms and programming",End of unit exercises,"6.1 Computational thinking, 6.2 Searching algorithms, 6.3 Sorting algorithms, 6.4 Developing algorithms using flowcharts, 6.5 Developing algorithms using pseudocode, 6.6 Interpret, correct or complete algorithms",6,https://docs.google.com/document/d/10bEbeRaVwpqaX_UJbsGvrTRbVtss1u59PsYjRIM9WrM/edit,https://docs.google.com/document/d/1uGmfEwz1rhP5bXJsyrrlcens6p4ZQ4vlfPKrfKaDd7Q/edit,https://docs.google.com/document/d/1uGmfEwz1rhP5bXJsyrrlcens6p4ZQ4vlfPKrfKaDd7Q/export?format=pdf,,,
7,Programming,"Paper 2 – Computational thinking, algorithms and programming",In-chapter questions (yellow boxes),"7.1 Programming fundamentals, 7.2 Sequence and selection, 7.3 Iteration, 7.4 Arrays, 7.5 Procedures and functions, 7.6 Records and files",23,https://docs.google.com/document/d/1YrSPZEmInjAR3hUBMGaZV-KGPQA8g6-CN9MlKHZjlrc/edit,https://docs.google.com/document/d/1ROaDK3_LaQW3jok4fkX36NDQVKkVTtyQldyvnUnspdQ/edit,https://docs.google.com/document/d/1ROaDK3_LaQW3jok4fkX36NDQVKkVTtyQldyvnUnspdQ/export?format=pdf,,,
7,Programming,"Paper 2 – Computational thinking, algorithms and programming",End of unit exercises,"7.1 Programming fundamentals, 7.2 Sequence and selection, 7.3 Iteration, 7.4 Arrays, 7.5 Procedures and functions, 7.6 Records and files",7,https://docs.google.com/document/d/1pcWMM4ejOW3-yXxzQQEaYihXHr1uYOHRBmCp4rfuQ8s/edit,https://docs.google.com/document/d/1QfbsbNnSdV8t03UNTGsRAxC1pzGJ9DhBIKxpbjgKlHs/edit,https://docs.google.com/document/d/1QfbsbNnSdV8t03UNTGsRAxC1pzGJ9DhBIKxpbjgKlHs/export?format=pdf,,,
8,Logic and languages,"Paper 2 – Computational thinking, algorithms and programming",In-chapter questions (yellow boxes),"8.1 Logic diagrams and truth tables, 8.2 Defensive design, 8.3 Errors and testing, 8.4 Translators and facilities of languages, 8.5 The Integrated Development Environment",8,https://docs.google.com/document/d/1Azq8VKObHwcF-UaIq53uTub9hVAP0iZ9j-pLWOmorC8/edit,https://docs.google.com/document/d/1Wdb198l-mTq119qE1tVjBfNj79GqJ3CkEJjeVca_baY/edit,https://docs.google.com/document/d/1Wdb198l-mTq119qE1tVjBfNj79GqJ3CkEJjeVca_baY/export?format=pdf,,,Topic 8.4 has no yellow-box questions
8,Logic and languages,"Paper 2 – Computational thinking, algorithms and programming",End of unit exercises,"8.1 Logic diagrams and truth tables, 8.2 Defensive design, 8.3 Errors and testing, 8.4 Translators and facilities of languages, 8.5 The Integrated Development Environment",5,https://docs.google.com/document/d/1e0ltfsxVFdno4ne18KNyNLTaWHbIFwQ97cEJvnKS1eo/edit,https://docs.google.com/document/d/1mz89maPoLTG0zwDIGU5fkVKnLW2x1ZRJi3jz5xYWLYg/edit,https://docs.google.com/document/d/1mz89maPoLTG0zwDIGU5fkVKnLW2x1ZRJi3jz5xYWLYg/export?format=pdf,,,
